City_ID,City,Lat,Lng,Max Temp,Humidity,Cloudiness,Wind Speed,Country,Date
0,Rikitea,-23.1203,-134.9692,73.18,81,20,15.97,PF,2022-10-15 15:51:20
1,Kapaa,22.0752,-159.319,71.1,79,20,6.91,US,2022-10-15 15:51:21
2,Saint-Philippe,-21.3585,55.7679,71.19,79,35,11.03,RE,2022-10-15 15:51:22
3,Kalanchak,46.2562,33.2907,50.59,54,62,9.28,UA,2022-10-15 15:51:22
4,Pisco,-13.7,-76.2167,64.45,72,0,6.91,PE,2022-10-15 15:51:23
5,Albany,42.6001,-73.9662,62.94,67,56,4.0,US,2022-10-15 15:50:10
6,Skibbereen,51.55,-9.2667,53.01,79,74,28.61,IE,2022-10-15 15:51:24
7,Busselton,-33.65,115.3333,48.99,84,93,8.43,AU,2022-10-15 15:51:24
8,Ippy,6.2679,21.2247,75.81,87,97,1.16,CF,2022-10-15 15:51:25
9,Kodiak,57.79,-152.4072,51.31,87,100,13.8,US,2022-10-15 15:50:27
10,Nyurba,63.2842,118.3319,25.97,90,96,6.6,RU,2022-10-15 15:51:25
11,Longyearbyen,78.2186,15.6401,19.24,73,0,11.5,SJ,2022-10-15 15:51:26
12,Mareeba,-17.0,145.4333,70.52,88,17,3.24,AU,2022-10-15 15:51:26
13,Barrow,71.2906,-156.7887,10.42,92,0,12.66,US,2022-10-15 15:51:26
14,Ribeira Grande,38.5167,-28.7,69.78,73,40,12.66,PT,2022-10-15 15:51:27
15,Kailua,21.4022,-157.7394,75.18,90,67,9.31,US,2022-10-15 15:51:27
16,Lebu,-37.6167,-73.65,57.0,66,94,18.63,CL,2022-10-15 15:48:03
17,Port Alfred,-33.5906,26.891,62.19,91,100,5.01,ZA,2022-10-15 15:51:27
18,Jamestown,42.097,-79.2353,55.06,43,40,21.85,US,2022-10-15 15:47:23
19,Cururupu,-1.8283,-44.8683,88.09,56,92,8.7,BR,2022-10-15 15:51:28
20,Kupang,-10.1667,123.5833,81.0,78,44,11.14,ID,2022-10-15 15:51:28
21,Port Elizabeth,-33.918,25.5701,64.69,68,100,14.97,ZA,2022-10-15 15:51:29
22,Avarua,-21.2078,-159.775,73.45,83,100,3.44,CK,2022-10-15 15:51:29
23,Alofi,-19.0595,-169.9187,73.29,100,8,3.44,NU,2022-10-15 15:51:30
24,Bay City,43.5945,-83.8889,46.72,64,20,21.85,US,2022-10-15 15:51:30
25,Ushuaia,-54.8,-68.3,49.62,49,20,24.16,AR,2022-10-15 15:49:50
26,Vestmanna,62.1564,-7.1664,41.92,75,20,16.11,FO,2022-10-15 15:51:30
27,Pangkalanbuun,-2.6833,111.6167,75.15,96,100,0.76,ID,2022-10-15 15:51:31
28,Talnakh,69.4865,88.3972,33.21,99,100,8.19,RU,2022-10-15 15:51:31
29,Saskylakh,71.9167,114.0833,30.45,92,90,13.38,RU,2022-10-15 15:51:31
30,New Norfolk,-42.7826,147.0587,47.7,93,4,2.53,AU,2022-10-15 15:51:32
31,Umm Kaddadah,13.6017,26.6876,92.66,17,19,9.89,SD,2022-10-15 15:51:32
32,Carnarvon,-24.8667,113.6333,65.77,73,0,16.37,AU,2022-10-15 15:51:33
33,Mar Del Plata,-38.0023,-57.5575,59.95,76,75,15.01,AR,2022-10-15 15:47:52
34,Qaanaaq,77.484,-69.3632,29.71,68,100,24.83,GL,2022-10-15 15:51:33
35,Saldanha,-33.0117,17.9442,69.85,79,100,14.63,ZA,2022-10-15 15:51:34
36,Ekibastuz,51.6667,75.3667,54.57,42,100,9.66,KZ,2022-10-15 15:51:34
37,Cravo Norte,6.3017,-70.2041,86.74,63,75,8.61,CO,2022-10-15 15:51:34
38,Neiafu,-18.65,-173.9833,77.68,94,40,6.91,TO,2022-10-15 15:51:35
39,Sinazongwe,-17.2614,27.4618,85.95,32,55,6.62,ZM,2022-10-15 15:51:35
40,Puerto Ayora,-0.7393,-90.3518,71.56,89,80,7.0,EC,2022-10-15 15:51:35
41,Punta Arenas,-53.15,-70.9167,48.31,49,0,21.85,CL,2022-10-15 15:51:36
42,Hasaki,35.7333,140.8333,61.29,72,86,11.5,JP,2022-10-15 15:51:36
43,Sompeta,18.9333,84.6,78.78,86,9,3.69,IN,2022-10-15 15:51:37
44,Katsuura,35.1333,140.3,69.37,82,7,10.22,JP,2022-10-15 15:51:37
45,Nhulunbuy,-12.2333,136.7667,77.61,94,100,5.75,AU,2022-10-15 15:51:37
46,Butaritari,3.0707,172.7902,80.87,74,64,19.66,KI,2022-10-15 15:51:38
47,Kaitangata,-46.2817,169.8464,47.3,87,100,3.87,NZ,2022-10-15 15:51:38
48,Atar,20.5169,-13.0499,98.65,16,32,6.91,MR,2022-10-15 15:52:39
49,Hermanus,-34.4187,19.2345,60.8,85,100,21.92,ZA,2022-10-15 15:52:39
50,Hilo,19.7297,-155.09,80.28,96,100,9.22,US,2022-10-15 15:52:40
51,Nome,64.5011,-165.4064,29.1,54,0,24.16,US,2022-10-15 15:52:40
52,Yellowknife,62.456,-114.3525,28.92,59,75,9.22,CA,2022-10-15 15:52:40
53,Faanui,-16.4833,-151.75,78.49,76,16,12.88,PF,2022-10-15 15:52:41
54,Catia La Mar,10.6038,-67.0303,91.99,64,12,8.48,VE,2022-10-15 15:52:41
55,Fairbanks,64.8378,-147.7164,28.92,75,20,6.91,US,2022-10-15 15:51:47
56,West Memphis,35.1465,-90.1845,66.29,88,100,3.44,US,2022-10-15 15:52:42
57,Chitral,35.8462,71.7858,65.7,30,0,2.57,PK,2022-10-15 15:52:42
58,Sauda,59.6506,6.3542,51.67,83,100,7.27,NO,2022-10-15 15:52:43
59,Mataura,-46.1927,168.8643,47.41,86,99,1.01,NZ,2022-10-15 15:52:43
60,Sitka,57.0531,-135.33,58.89,82,100,19.57,US,2022-10-15 15:52:43
61,Tamiahua,21.2667,-97.45,82.31,73,9,4.14,MX,2022-10-15 15:52:44
62,Saint-Augustin,51.226,-58.6502,57.45,61,100,4.74,CA,2022-10-15 15:52:44
63,San Ramon,37.7799,-121.978,58.59,88,100,5.75,US,2022-10-15 15:49:00
64,Ponta Do Sol,32.6667,-17.1,75.13,71,57,2.42,PT,2022-10-15 15:52:45
65,Qaqortoq,60.7167,-46.0333,40.37,73,6,6.96,GL,2022-10-15 15:52:45
66,Hobart,-42.8794,147.3294,48.06,78,100,5.75,AU,2022-10-15 15:52:45
67,Tiksi,71.6872,128.8694,21.07,84,100,22.75,RU,2022-10-15 15:52:46
68,Sola,-13.8833,167.55,79.47,78,100,6.91,VU,2022-10-15 15:52:47
69,Rawson,-43.3002,-65.1023,71.06,25,98,10.31,AR,2022-10-15 15:52:47
70,Sisimiut,66.9395,-53.6735,29.39,62,24,13.0,GL,2022-10-15 15:52:47
71,Novska,45.3406,16.9769,59.7,65,61,3.51,HR,2022-10-15 15:52:48
72,Provideniya,64.3833,-173.3,25.93,81,62,11.7,RU,2022-10-15 15:52:49
73,East London,-33.0153,27.9116,63.54,94,100,10.36,ZA,2022-10-15 15:52:49
74,Mahebourg,-20.4081,57.7,71.89,68,40,8.05,MU,2022-10-15 15:52:49
75,Yar-Sale,66.8333,70.8333,38.37,82,99,4.14,RU,2022-10-15 15:52:50
76,Bluff,-46.6,168.3333,51.89,86,99,7.18,NZ,2022-10-15 15:52:50
77,Port Augusta,-32.5,137.7667,57.92,65,100,8.95,AU,2022-10-15 15:52:51
78,Vaini,-21.2,-175.2,64.56,100,20,0.0,TO,2022-10-15 15:52:46
79,Castro,-24.7911,-50.0119,59.95,94,100,10.33,BR,2022-10-15 15:52:42
80,Esperance,-33.8667,121.9,55.17,87,41,11.03,AU,2022-10-15 15:52:51
81,Souillac,-20.5167,57.5167,71.98,68,40,8.05,MU,2022-10-15 15:52:52
82,Ciudad Bolivar,8.1222,-63.5497,90.81,49,28,9.6,VE,2022-10-15 15:52:52
83,Vardo,70.3705,31.1107,39.18,87,100,9.22,NO,2022-10-15 15:52:52
84,Luganville,-15.5333,167.1667,76.64,81,98,9.48,VU,2022-10-15 15:52:53
85,Geraldton,-28.7667,114.6,54.01,76,0,8.05,AU,2022-10-15 15:52:53
86,Constitucion,-35.3333,-72.4167,65.1,49,19,9.57,CL,2022-10-15 15:52:53
87,Upernavik,72.7868,-56.1549,23.74,70,78,7.96,GL,2022-10-15 15:52:54
88,Auki,-8.7676,160.7034,76.01,84,78,3.51,SB,2022-10-15 15:52:54
89,Omboue,-1.5746,9.2618,76.03,86,100,5.01,GA,2022-10-15 15:52:54
90,Inhambane,-23.865,35.3833,78.78,65,20,8.05,MZ,2022-10-15 15:52:55
91,Santiago Del Estero,-27.7951,-64.2615,64.65,54,99,6.98,AR,2022-10-15 15:52:23
92,Mananara,-16.1667,49.7667,67.96,87,23,5.14,MG,2022-10-15 15:52:55
93,Guerrero Negro,27.9769,-114.0611,68.07,61,96,3.62,MX,2022-10-15 15:53:56
94,Arman,59.7,150.1667,21.07,65,4,7.74,RU,2022-10-15 15:53:56
95,Fortuna,40.5982,-124.1573,52.14,55,0,1.66,US,2022-10-15 15:53:57
96,Algiers,36.7525,3.042,84.02,30,0,5.75,DZ,2022-10-15 15:53:57
97,Broome,42.2506,-75.833,65.01,50,18,14.0,US,2022-10-15 15:53:58
98,Tautira,-17.7333,-149.15,76.03,85,29,13.58,PF,2022-10-15 15:53:59
99,Mayumba,-3.432,10.6554,77.88,82,78,9.15,GA,2022-10-15 15:53:59
100,Broken Hill,-31.95,141.4333,60.12,52,35,7.05,AU,2022-10-15 15:53:59
101,Benguela,-12.5763,13.4055,76.46,75,17,9.48,AO,2022-10-15 15:50:14
102,Honiara,-9.4333,159.95,77.97,81,100,1.95,SB,2022-10-15 15:54:00
103,Isangel,-19.55,169.2667,69.71,69,10,5.79,VU,2022-10-15 15:54:01
104,Joshimath,30.5667,79.5667,56.66,56,11,6.2,IN,2022-10-15 15:54:01
105,Dunedin,-45.8742,170.5036,46.8,87,79,4.9,NZ,2022-10-15 15:54:01
106,Aswan,24.0934,32.907,89.13,18,77,5.99,EG,2022-10-15 15:54:02
107,Bitung,1.4451,125.1824,77.85,84,97,8.61,ID,2022-10-15 15:54:02
108,Asau,46.4333,26.4,51.28,70,58,2.8,RO,2022-10-15 15:54:03
109,Leningradskiy,69.3833,178.4167,8.74,90,34,5.03,RU,2022-10-15 15:54:03
110,Namatanai,-3.6667,152.4333,79.39,82,58,7.65,PG,2022-10-15 15:54:03
111,Machico,32.7,-16.7667,75.13,72,20,17.27,PT,2022-10-15 15:54:04
112,Mitsamiouli,-11.3847,43.2844,79.09,65,40,5.75,KM,2022-10-15 15:54:04
113,Murighiol,45.0333,29.1667,54.45,64,79,7.96,RO,2022-10-15 15:54:05
114,Luderitz,-26.6481,15.1594,77.54,26,100,23.49,NA,2022-10-15 15:54:05
115,Itoman,26.1247,127.6694,82.42,83,75,18.41,JP,2022-10-15 15:54:06
116,Torbay,47.6666,-52.7314,61.88,80,75,5.01,CA,2022-10-15 15:54:06
117,Porto Novo,6.4965,2.6036,84.02,76,100,6.08,BJ,2022-10-15 15:54:06
118,Pervoye Maya,56.164,44.7196,39.0,80,37,3.18,RU,2022-10-15 15:54:07
119,Airai,-8.9266,125.4092,61.93,82,46,2.55,TL,2022-10-15 15:54:07
120,Ndjole,-0.1783,10.7649,76.78,95,100,3.11,GA,2022-10-15 15:54:08
121,Bara,10.3744,10.7288,89.44,39,91,3.51,NG,2022-10-15 15:54:08
122,Bethel,41.3712,-73.414,65.57,62,20,3.0,US,2022-10-15 15:54:09
123,Aksarka,66.5606,67.7975,38.82,89,100,2.91,RU,2022-10-15 15:54:09
124,Bambous Virieux,-20.3428,57.7575,71.85,68,40,8.05,MU,2022-10-15 15:54:10
125,Kindu,-2.95,25.95,81.09,67,92,2.82,CD,2022-10-15 15:54:10
126,Kahului,20.8947,-156.47,76.84,92,78,3.0,US,2022-10-15 15:54:10
127,Parana,-31.732,-60.5238,54.37,81,99,7.36,AR,2022-10-15 15:54:11
128,Yerbogachen,61.2767,108.0108,29.25,80,100,8.32,RU,2022-10-15 15:54:11
129,Bredasdorp,-34.5322,20.0403,59.47,88,100,20.15,ZA,2022-10-15 15:54:12
130,Gizo,-8.103,156.8419,81.54,73,36,3.49,SB,2022-10-15 15:54:13
131,Half Moon Bay,37.4636,-122.4286,59.31,90,100,10.36,US,2022-10-15 15:54:13
132,Cartagena,10.3997,-75.5144,82.02,83,40,9.22,CO,2022-10-15 15:54:14
133,Laguna,38.421,-121.4238,62.29,89,40,1.99,US,2022-10-15 15:54:14
134,Lorengau,-2.0226,147.2712,81.64,79,36,7.25,PG,2022-10-15 15:54:15
135,Boyabat,41.4689,34.7667,59.43,70,97,4.12,TR,2022-10-15 15:55:15
136,Avera,33.194,-82.5271,74.55,36,0,5.01,US,2022-10-15 15:55:16
137,Challakere,14.3167,76.65,74.66,85,97,8.48,IN,2022-10-15 15:55:16
138,Port-Cartier,50.0334,-66.8654,48.42,98,100,17.83,CA,2022-10-15 15:55:17
139,Khatanga,71.9667,102.5,33.22,98,100,17.69,RU,2022-10-15 15:54:08
140,Kemijarvi,66.7131,27.4306,44.89,93,100,8.81,FI,2022-10-15 15:55:18
141,Maningrida,-12.0667,134.2667,81.7,80,100,5.1,AU,2022-10-15 15:55:18
142,Chokurdakh,70.6333,147.9167,10.63,96,95,7.83,RU,2022-10-15 15:55:19
143,Tabou,4.423,-7.3528,80.69,71,74,11.07,CI,2022-10-15 15:55:20
144,Paamiut,61.994,-49.6678,36.5,72,0,22.5,GL,2022-10-15 15:55:20
145,Wick,58.4333,-3.0833,50.05,71,52,6.91,GB,2022-10-15 15:55:21
146,Benton,36.3334,-94.3335,73.69,61,0,5.75,US,2022-10-15 15:52:04
147,Tasiilaq,65.6145,-37.6368,28.09,66,0,3.94,GL,2022-10-15 15:55:21
148,Cabo San Lucas,22.8909,-109.9124,80.51,66,34,8.99,MX,2022-10-15 15:53:07
149,Barra Do Bugres,-15.0725,-57.1811,102.7,24,56,3.15,BR,2022-10-15 15:55:22
150,Kavieng,-2.5744,150.7967,82.24,77,43,11.65,PG,2022-10-15 15:55:22
151,Jamame,0.0722,42.7506,77.38,77,86,8.63,SO,2022-10-15 15:55:23
152,Ancud,-41.8697,-73.8203,54.66,63,45,5.59,CL,2022-10-15 15:55:23
153,Dingle,10.9995,122.6711,78.28,84,100,8.03,PH,2022-10-15 15:55:24
154,Camana,-16.6228,-72.7111,67.93,65,1,9.78,PE,2022-10-15 15:55:24
155,Jacksonville,30.3322,-81.6556,82.06,53,0,11.5,US,2022-10-15 15:51:04
156,Vila Velha,-20.3297,-40.2925,80.55,76,20,12.66,BR,2022-10-15 15:55:25
157,Nevel,56.0209,29.9284,46.24,82,10,7.43,RU,2022-10-15 15:55:25
158,Codrington,-38.2667,141.9667,44.6,95,29,5.41,AU,2022-10-15 15:55:26
159,Alasehir,38.3508,28.5172,66.99,70,100,3.8,TR,2022-10-15 15:55:26
160,Pevek,69.7008,170.3133,15.53,94,100,6.55,RU,2022-10-15 15:55:26
161,Fougamou,-1.2154,10.5838,76.08,96,100,2.15,GA,2022-10-15 15:55:27
162,Kenora,49.8167,-94.4337,36.57,100,100,8.01,CA,2022-10-15 15:52:15
163,Gat,31.61,34.7642,78.4,100,8,8.23,IL,2022-10-15 15:55:27
164,Saskatoon,52.1168,-106.6345,35.58,69,75,21.85,CA,2022-10-15 15:55:13
165,Trelew,-43.249,-65.3051,75.47,17,96,12.03,AR,2022-10-15 15:54:49
166,Clyde River,70.4692,-68.5914,37.63,81,75,10.36,CA,2022-10-15 15:55:28
167,Kampot,10.6167,104.1833,77.05,86,100,5.97,KH,2022-10-15 15:55:29
168,Tecoanapa,16.5167,-98.75,84.38,71,22,0.94,MX,2022-10-15 15:55:29
169,Marienburg,54.0359,19.0266,60.89,83,96,7.54,PL,2022-10-15 15:55:29
170,Bulungu,-4.55,18.6,81.36,68,87,5.99,CD,2022-10-15 15:55:30
171,Ahipara,-35.1667,173.1667,51.91,82,0,5.66,NZ,2022-10-15 15:55:30
172,Ilhabela,-23.7781,-45.3581,74.48,87,60,4.92,BR,2022-10-15 15:55:31
173,Kaeo,-35.1,173.7833,47.32,94,4,4.65,NZ,2022-10-15 15:55:31
174,Sagua La Grande,22.8067,-80.0756,87.22,60,32,7.31,CU,2022-10-15 15:55:32
175,Ixtapa,20.7,-105.2,86.23,75,72,1.01,MX,2022-10-15 15:55:32
176,Arganil,40.2183,-8.054,74.08,50,93,8.86,PT,2022-10-15 15:55:33
177,Pangai,-19.8,-174.35,76.55,81,8,4.74,TO,2022-10-15 15:55:33
178,Grand Gaube,-20.0064,57.6608,72.0,67,17,4.0,MU,2022-10-15 15:56:34
179,Hanna,51.6334,-111.9018,42.03,61,22,9.75,CA,2022-10-15 15:56:35
180,Naryan-Mar,67.6713,53.087,40.32,96,100,6.35,RU,2022-10-15 15:56:35
181,Evensk,61.95,159.2333,19.38,72,93,8.84,RU,2022-10-15 15:56:36
182,Snezhnogorsk,69.1933,33.2531,44.38,85,53,8.08,RU,2022-10-15 15:56:37
183,Sol-Iletsk,51.1631,54.9918,43.36,85,97,4.36,RU,2022-10-15 15:56:37
184,Severo-Kurilsk,50.6789,156.125,43.41,82,100,13.96,RU,2022-10-15 15:56:37
185,Saint George,37.1041,-113.5841,59.59,29,0,0.0,US,2022-10-15 15:54:15
186,Torquay,50.4638,-3.5143,60.58,82,100,13.0,GB,2022-10-15 15:56:38
187,Coquimbo,-29.9533,-71.3436,56.93,82,100,4.61,CL,2022-10-15 15:56:39
188,Isiro,2.7739,27.616,70.95,93,77,7.4,CD,2022-10-15 15:56:39
189,Axim,4.8699,-2.2405,80.85,73,59,11.12,GH,2022-10-15 15:56:40
190,Mga,59.75,31.0667,53.53,80,100,8.19,RU,2022-10-15 15:56:40
191,Itaituba,-4.2761,-55.9836,89.76,62,20,5.75,BR,2022-10-15 15:56:41
192,Comodoro Rivadavia,-45.8667,-67.5,66.06,34,0,14.97,AR,2022-10-15 15:56:41
193,Hovd,48.0056,91.6419,30.52,54,0,0.72,MN,2022-10-15 15:56:41
194,Kruisfontein,-34.0033,24.7314,61.88,87,100,15.9,ZA,2022-10-15 15:56:42
195,Savalou,7.9281,1.9756,82.47,73,99,1.25,BJ,2022-10-15 15:56:43
196,Sitarganj,28.9333,79.7,71.62,83,0,3.49,IN,2022-10-15 15:56:43
197,Sabya,17.1495,42.6254,91.02,53,6,5.73,SA,2022-10-15 15:56:44
198,Tuktoyaktuk,69.4541,-133.0374,26.6,80,75,17.27,CA,2022-10-15 15:56:44
199,Hithadhoo,-0.6,73.0833,81.99,71,91,14.63,MV,2022-10-15 15:56:45
200,Sterling,39.0062,-77.4286,69.69,53,0,12.66,US,2022-10-15 15:56:45
201,Katesh,-4.5167,35.3833,73.18,36,88,6.82,TZ,2022-10-15 15:56:45
202,Cairns,-16.9167,145.7667,75.15,83,40,8.05,AU,2022-10-15 15:53:56
203,Korla,41.7597,86.1469,57.65,25,86,0.81,CN,2022-10-15 15:56:46
204,Slupca,52.2873,17.8719,59.2,85,85,10.76,PL,2022-10-15 15:56:47
205,Gamba,-2.65,10.0,77.85,78,100,6.89,GA,2022-10-15 15:56:47
206,Tura,25.5198,90.2201,67.96,76,1,3.91,IN,2022-10-15 15:56:48
207,Vila Franca Do Campo,37.7167,-25.4333,72.01,59,79,7.78,PT,2022-10-15 15:56:48
208,Cape Town,-33.9258,18.4232,69.39,73,20,10.0,ZA,2022-10-15 15:56:13
209,Chernyshevskiy,63.0128,112.4714,27.52,95,100,8.81,RU,2022-10-15 15:56:48
210,Cabedelo,-6.9811,-34.8339,84.87,67,74,18.1,BR,2022-10-15 15:56:49
211,Mandalgovi,45.7625,106.2708,28.92,44,93,1.41,MN,2022-10-15 15:52:54
212,Svetlyy,54.675,20.1347,57.25,85,100,8.72,RU,2022-10-15 15:56:49
213,Cidreira,-30.1811,-50.2056,63.95,77,100,16.82,BR,2022-10-15 15:56:50
214,Troitsk,54.0979,61.5773,45.61,75,98,7.18,RU,2022-10-15 15:56:50
215,Waitati,-45.75,170.5667,46.8,87,76,4.36,NZ,2022-10-15 15:56:50
216,Narsaq,60.9167,-46.05,40.59,74,9,7.29,GL,2022-10-15 15:56:51
217,Nkhata Bay,-11.6066,34.2907,78.8,40,6,2.1,MW,2022-10-15 15:55:36
218,Belaya Gora,68.5333,146.4167,7.05,90,29,6.33,RU,2022-10-15 15:56:51
219,Nuevo Progreso,23.1667,-97.95,85.53,74,1,2.55,MX,2022-10-15 15:56:52
220,Dikson,73.5069,80.5464,32.16,75,93,15.79,RU,2022-10-15 15:56:52
221,Alenquer,-1.9417,-54.7383,94.62,42,94,6.78,BR,2022-10-15 15:56:52
222,Santa Maria,-29.6842,-53.8069,70.9,56,40,16.11,BR,2022-10-15 15:56:53
223,Atuona,-9.8,-139.0333,76.42,72,12,15.66,PF,2022-10-15 15:56:53
224,Galle,6.0367,80.217,77.59,89,87,4.81,LK,2022-10-15 15:56:54
225,Grindavik,63.8424,-22.4338,42.75,75,75,26.46,IS,2022-10-15 15:56:50
226,Rosetta,31.4044,30.4164,76.17,69,97,8.52,EG,2022-10-15 15:57:54
227,Kadambur,8.9833,77.8667,82.26,71,97,7.85,IN,2022-10-15 15:57:55
228,Port Hardy,50.6996,-127.4199,48.38,100,100,0.0,CA,2022-10-15 15:57:55
229,Bandarbeyla,9.4942,50.8122,77.86,86,0,10.16,SO,2022-10-15 15:57:56
230,Adrar,20.5022,-10.0711,96.24,15,94,10.67,MR,2022-10-15 15:57:56
231,Georgetown,5.4112,100.3354,77.23,96,40,3.44,MY,2022-10-15 15:57:56
232,Bathsheba,13.2167,-59.5167,88.41,70,20,12.66,BB,2022-10-15 15:57:57
233,Coihaique,-45.5752,-72.0662,55.35,54,100,4.61,CL,2022-10-15 15:57:57
234,Komsomolskiy,40.4272,71.7189,61.52,33,10,4.61,UZ,2022-10-15 15:57:58
235,Nikolskoye,59.7035,30.7861,53.49,80,100,8.19,RU,2022-10-15 15:57:58
236,Pacifica,37.6138,-122.4869,59.61,89,100,5.75,US,2022-10-15 15:56:56
237,Lagoa,39.05,-27.9833,67.1,62,100,20.96,PT,2022-10-15 15:57:59
238,Trincomalee,8.5711,81.2335,81.5,76,100,5.03,LK,2022-10-15 15:58:00
239,Fairview,40.8126,-73.999,69.24,52,20,1.99,US,2022-10-15 15:58:00
240,Palmer,42.1584,-72.3287,67.26,98,1,5.37,US,2022-10-15 15:54:08
241,Palimbang,6.2106,124.1894,79.59,81,95,3.38,PH,2022-10-15 15:58:01
242,Fukue,32.6881,128.8419,71.35,80,0,12.08,JP,2022-10-15 15:58:01
243,Vila,42.0304,-8.1588,58.08,85,95,9.98,PT,2022-10-15 15:58:01
244,Itaguai,-22.8522,-43.7753,87.42,74,20,17.27,BR,2022-10-15 15:58:02
245,Serenje,-13.2325,30.2352,76.35,20,5,10.45,ZM,2022-10-15 15:58:03
246,Vao,-22.6667,167.4833,67.87,63,3,9.28,NC,2022-10-15 15:58:03
247,Gimli,50.6336,-96.9907,41.02,93,100,13.8,CA,2022-10-15 15:58:04
248,Plouzane,48.3833,-4.6167,60.85,82,100,14.97,FR,2022-10-15 15:58:05
249,Sibolga,1.7427,98.7792,74.12,97,100,4.25,ID,2022-10-15 15:58:06
250,Sao Jose Do Belmonte,-7.8614,-38.7597,93.51,18,2,10.65,BR,2022-10-15 15:58:06
251,Bend,44.0582,-121.3153,54.72,56,0,1.01,US,2022-10-15 15:58:07
252,Ovalle,-30.5983,-71.2003,72.63,43,0,6.69,CL,2022-10-15 15:58:07
253,Charlestown,-32.95,151.6667,59.74,90,1,2.48,AU,2022-10-15 15:55:44
254,Cherskiy,68.75,161.3,9.34,96,99,7.58,RU,2022-10-15 15:56:41
255,Batagay-Alyta,67.8006,130.4114,11.14,86,100,5.1,RU,2022-10-15 15:58:09
256,Chapais,49.7834,-74.8492,47.98,51,18,6.53,CA,2022-10-15 15:58:09
257,Aguilas,37.4063,-1.5829,77.4,46,56,5.7,ES,2022-10-15 15:58:10
258,Pantai Remis,4.4557,100.6288,78.82,85,54,7.02,MY,2022-10-15 15:58:10
259,Berlevag,70.8578,29.0864,37.4,86,40,5.75,NO,2022-10-15 15:58:10
260,Ulladulla,-35.35,150.4667,50.92,82,94,5.01,AU,2022-10-15 15:58:11
261,Innisfail,-17.5333,146.0333,73.36,80,36,2.93,AU,2022-10-15 15:58:11
262,Igarapava,-20.0383,-47.7469,90.52,21,12,7.4,BR,2022-10-15 15:58:11
263,Kachiry,53.0675,76.1036,51.51,42,100,5.01,KZ,2022-10-15 15:58:12
264,Prado,-17.3411,-39.2208,81.43,58,59,10.76,BR,2022-10-15 15:58:12
265,Sangar,63.9242,127.4739,17.76,95,76,5.14,RU,2022-10-15 15:58:13
266,Bosaso,11.2842,49.1816,81.84,70,0,3.8,SO,2022-10-15 15:58:13
267,Goure,13.9835,10.2704,95.34,9,5,12.55,NE,2022-10-15 15:58:14
268,Erdaojiang,41.7764,126.0319,49.12,79,14,0.36,CN,2022-10-15 15:58:14
269,Sheltozero,61.3667,35.3667,46.47,87,94,6.76,RU,2022-10-15 15:58:14
270,Kavaratti,10.5669,72.642,82.26,69,99,2.04,IN,2022-10-15 15:58:15
271,Hue,16.4667,107.6,77.11,94,75,11.5,VN,2022-10-15 15:59:16
272,Hamilton,39.1834,-84.5333,57.76,47,41,5.99,US,2022-10-15 15:59:16
273,Bartlesville,36.7473,-95.9808,66.94,52,1,5.01,US,2022-10-15 15:59:17
274,Sinnamary,5.3833,-52.95,86.63,65,16,11.43,GF,2022-10-15 15:59:17
275,Husavik,66.0449,-17.3389,38.03,98,100,27.89,IS,2022-10-15 15:59:18
276,Lipin Bor,60.2622,37.9763,44.19,86,55,8.48,RU,2022-10-15 15:59:18
277,Amga,60.8953,131.9608,23.5,98,98,1.36,RU,2022-10-15 15:59:19
278,Meulaboh,4.1363,96.1285,75.74,89,100,3.94,ID,2022-10-15 15:59:19
279,Itarema,-2.9248,-39.9167,88.63,52,7,19.39,BR,2022-10-15 15:59:20
280,Caravelas,-17.7125,-39.2481,82.22,53,81,9.15,BR,2022-10-15 15:55:25
281,Blythe,33.6103,-114.5964,77.04,47,0,10.18,US,2022-10-15 15:59:20
282,Pemangkat,1.1667,108.9667,80.28,82,96,7.18,ID,2022-10-15 15:59:21
283,Tabuk,17.4189,121.4443,72.82,96,100,5.01,PH,2022-10-15 15:59:21
284,Jiaocheng,24.6774,116.1389,73.27,51,100,3.62,CN,2022-10-15 15:59:22
285,Palm Beach,26.6503,-80.4498,84.02,72,10,9.17,US,2022-10-15 15:54:24
286,Amurzet,47.6967,131.0981,47.95,40,100,5.84,RU,2022-10-15 15:59:23
287,Polunochnoye,60.8697,60.4153,40.17,94,100,1.41,RU,2022-10-15 15:59:24
288,Lata,40.1629,-8.3327,70.07,57,94,8.5,PT,2022-10-15 15:59:24
289,Elliot Lake,46.3834,-82.6331,44.55,77,94,7.7,CA,2022-10-15 15:59:25
290,Shenjiamen,29.9576,122.298,69.57,80,99,12.21,CN,2022-10-15 15:59:25
291,Zhob,31.3411,69.4481,71.49,12,0,2.75,PK,2022-10-15 15:59:26
292,Saint Anthony,45.0205,-93.218,47.66,68,75,9.22,US,2022-10-15 15:59:26
293,Torit,4.4133,32.5678,80.44,64,93,3.06,SS,2022-10-15 15:59:26
294,Yelizovo,53.1873,158.3805,33.94,80,0,4.47,RU,2022-10-15 15:59:27
295,Hay River,60.8156,-115.7999,26.58,80,75,3.44,CA,2022-10-15 15:59:27
296,Sept-Iles,50.2001,-66.3821,48.72,96,100,21.85,CA,2022-10-15 15:55:46
297,Majene,-3.5403,118.9707,78.1,84,100,4.9,ID,2022-10-15 15:59:28
298,Road Town,18.4167,-64.6167,87.84,74,40,6.91,VG,2022-10-15 15:59:29
299,Marsa Matruh,31.3525,27.2453,74.8,64,77,19.15,EG,2022-10-15 15:55:07
300,Mehamn,71.0357,27.8492,37.35,81,13,2.3,NO,2022-10-15 15:59:30
301,Okhotsk,59.3833,143.3,28.76,57,18,8.48,RU,2022-10-15 15:59:30
302,Mogadishu,2.0371,45.3438,78.21,82,90,11.5,SO,2022-10-15 15:59:31
303,Medea,36.2642,2.7539,78.93,29,32,3.4,DZ,2022-10-15 15:59:31
304,Tutoia,-2.7619,-42.2744,85.21,60,73,14.09,BR,2022-10-15 15:59:32
305,Leh,34.1667,77.5833,44.44,29,30,5.08,IN,2022-10-15 15:59:32
306,Ossora,59.2353,163.0719,34.5,87,100,3.56,RU,2022-10-15 15:59:32
307,Krasnomayskiy,57.6194,34.4099,44.87,83,82,6.4,RU,2022-10-15 15:59:33
308,Koutiala,12.3917,-5.4642,90.05,41,84,8.48,ML,2022-10-15 15:59:33
309,Ternate,0.8,127.4,81.99,77,100,2.26,ID,2022-10-15 15:59:34
310,Makakilo City,21.3469,-158.0858,75.52,88,0,6.29,US,2022-10-15 15:57:10
311,Atambua,-9.1061,124.8925,76.32,83,20,3.53,ID,2022-10-15 15:59:34
312,Sakaiminato,35.55,133.2333,58.98,100,40,5.75,JP,2022-10-15 15:59:35
313,Mahe,11.7,75.5333,76.98,90,100,3.38,IN,2022-10-15 15:59:35
314,Shizunai,42.3339,142.3669,55.27,83,2,3.2,JP,2022-10-15 15:59:35
315,Marakkanam,12.2,79.95,81.63,79,30,8.43,IN,2022-10-15 15:59:36
316,Ambatolampy,-19.3833,47.4167,56.52,69,27,8.52,MG,2022-10-15 16:00:37
317,San Patricio,28.017,-97.5169,87.89,53,37,11.23,US,2022-10-15 16:00:37
318,Ust-Karsk,52.7011,118.8077,31.84,89,100,9.64,RU,2022-10-15 16:00:39
319,Thompson,55.7435,-97.8558,33.96,93,100,12.66,CA,2022-10-15 15:57:01
320,Chuy,-33.6971,-53.4616,62.83,58,96,14.99,UY,2022-10-15 15:56:47
321,Sabha,27.0377,14.4283,81.7,24,0,11.56,LY,2022-10-15 16:00:40
322,Ripoll,42.2006,2.1903,78.75,52,7,3.0,ES,2022-10-15 16:00:41
323,Adelanto,34.5828,-117.4092,71.08,53,37,2.66,US,2022-10-15 16:00:41
324,Pietarsaari,63.65,22.6833,52.0,88,99,17.78,FI,2022-10-15 16:00:42
325,Itacare,-14.2775,-38.9967,80.69,62,34,9.55,BR,2022-10-15 16:00:42
326,Montoro,38.0241,-4.3834,90.28,23,0,14.05,ES,2022-10-15 16:00:43
327,Hambantota,6.1241,81.1185,79.14,94,20,9.22,LK,2022-10-15 16:00:43
328,Senno,59.5336,33.9167,46.26,90,22,5.06,RU,2022-10-15 16:00:44
329,Marawi,7.9986,124.2928,70.92,92,100,3.51,PH,2022-10-15 16:00:44
330,Tual,-5.6667,132.75,83.82,74,99,8.7,ID,2022-10-15 16:00:45
331,Lompoc,34.6391,-120.4579,63.79,94,100,0.0,US,2022-10-15 15:59:19
332,Cayenne,4.9333,-52.3333,89.64,62,40,12.66,GF,2022-10-15 15:59:59
333,Mackay,-21.15,149.2,71.69,80,7,3.62,AU,2022-10-15 16:00:45
334,Loiza,18.4313,-65.8802,89.64,72,71,11.54,PR,2022-10-15 16:00:46
335,Mombasa,-4.0547,39.6636,75.13,82,53,10.22,KE,2022-10-15 16:00:46
336,Margate,51.3813,1.3862,61.3,70,100,5.99,GB,2022-10-15 16:00:47
337,Padang,-0.9492,100.3543,73.45,96,100,1.68,ID,2022-10-15 16:00:47
338,Asyut,27.181,31.1837,84.83,27,1,7.31,EG,2022-10-15 16:00:47
339,Klaksvik,62.2266,-6.589,43.72,80,98,15.86,FO,2022-10-15 16:00:48
340,Ilulissat,69.2167,-51.1,28.42,46,40,13.8,GL,2022-10-15 16:00:49
341,Iqaluit,63.7506,-68.5145,32.7,100,100,20.0,CA,2022-10-15 16:00:19
342,Dakar,14.6937,-17.4441,88.68,74,80,12.66,SN,2022-10-15 16:00:49
343,Luwuk,-0.9516,122.7875,77.68,85,59,3.67,ID,2022-10-15 16:00:50
344,Ust-Kuyga,70.0167,135.6,11.75,95,100,9.48,RU,2022-10-15 16:00:51
345,Lavrentiya,65.5833,-171.0,27.21,85,27,13.65,RU,2022-10-15 16:00:51
346,Isaka,-3.9,32.9333,84.36,21,99,2.8,TZ,2022-10-15 16:00:52
347,Nouadhibou,20.931,-17.0347,69.96,85,0,19.53,MR,2022-10-15 16:00:52
348,Kefamenanu,-9.4467,124.4781,74.19,89,56,2.98,ID,2022-10-15 16:00:53
349,Victoria,22.2855,114.1577,83.32,50,100,8.99,HK,2022-10-15 16:00:31
350,Eyl,7.9803,49.8164,79.23,77,4,15.77,SO,2022-10-15 16:00:54
351,Curup,-3.4667,102.5333,67.96,98,100,1.3,ID,2022-10-15 16:00:54
352,Magaria,12.9983,8.9099,93.54,15,100,2.86,NE,2022-10-15 16:00:55
353,Kurilsk,45.2333,147.8833,50.25,74,71,4.14,RU,2022-10-15 16:00:55
354,Dolinsk,47.35,142.8,46.94,91,26,3.29,RU,2022-10-15 16:00:56
355,Golden,39.7555,-105.2211,58.96,40,20,5.99,US,2022-10-15 16:00:56
356,Miri,4.4148,114.0089,78.66,86,79,5.64,MY,2022-10-15 16:00:57
357,Miramar,25.9873,-80.2323,87.03,76,75,14.97,US,2022-10-15 16:00:57
358,Paciran,-6.8767,112.3761,79.9,82,98,7.36,ID,2022-10-15 16:00:57
359,Sungaipenuh,-2.0833,101.3833,65.82,98,100,1.54,ID,2022-10-15 16:00:58
360,Horodyshche,49.2849,31.4451,45.64,58,17,7.11,UA,2022-10-15 16:00:58
361,Portland,45.5234,-122.6762,69.28,60,19,14.0,US,2022-10-15 15:58:24
362,Gorom-Gorom,14.4439,-0.2361,98.65,21,14,4.63,BF,2022-10-15 16:01:59
363,Arlit,18.7369,7.3853,96.76,7,0,4.34,NE,2022-10-15 15:59:36
364,Ewa Beach,21.3156,-158.0072,76.95,88,0,5.99,US,2022-10-15 15:59:31
365,Port Hawkesbury,45.6169,-61.3485,60.96,96,100,14.97,CA,2022-10-15 16:02:00
366,Hurghada,27.2574,33.8129,76.1,65,59,2.44,EG,2022-10-15 16:02:01
367,Haines Junction,60.7522,-137.5108,31.53,96,100,1.77,CA,2022-10-15 16:02:02
368,Lalmohan,22.3384,90.7419,80.89,77,3,9.91,BD,2022-10-15 16:02:03
369,Gushikawa,26.3544,127.8686,81.63,83,58,17.52,JP,2022-10-15 16:02:03
370,Orangeburg,33.4918,-80.8557,75.85,49,0,7.0,US,2022-10-15 16:01:09
371,Flinders,-34.5833,150.8552,58.17,79,71,3.0,AU,2022-10-15 16:02:04
372,Elbrus,43.2577,42.6443,41.92,96,100,2.3,RU,2022-10-15 16:02:05
373,Port Lincoln,-34.7333,135.8667,52.14,77,59,0.89,AU,2022-10-15 16:02:01
374,Tres Picos,15.8667,-93.5333,81.99,81,83,1.57,MX,2022-10-15 16:02:05
375,Shakiso,5.75,38.9167,59.11,94,39,3.04,ET,2022-10-15 16:02:06
376,Astoria,46.1879,-123.8313,63.91,77,0,10.0,US,2022-10-15 16:02:06
377,Xichang,27.8964,102.2634,55.54,82,100,2.89,CN,2022-10-15 16:02:06
378,Camacupa,-12.0167,17.4833,80.26,31,85,9.55,AO,2022-10-15 16:02:07
379,Dumas,35.8656,-101.9732,64.62,47,0,10.36,US,2022-10-15 16:02:07
380,Salalah,17.0151,54.0924,78.15,63,99,2.8,OM,2022-10-15 16:02:08
381,Bulgan,48.8125,103.5347,27.07,52,48,2.91,MN,2022-10-15 16:02:08
382,Calamar,10.2511,-74.9146,86.58,64,71,4.68,CO,2022-10-15 16:02:09
383,Policoro,40.2115,16.6726,70.99,64,0,5.73,IT,2022-10-15 16:02:09
384,Tuy Hoa,13.0833,109.3,74.93,88,99,3.58,VN,2022-10-15 16:02:10
385,Baswa,27.15,76.5833,76.84,40,0,2.42,IN,2022-10-15 16:02:10
386,La Ronge,55.1001,-105.2842,32.9,60,96,16.93,CA,2022-10-15 16:01:06
387,Kilindoni,-7.9139,39.6668,76.8,72,39,15.14,TZ,2022-10-15 16:02:11
388,Bengkulu,-3.8004,102.2655,76.14,89,100,4.05,ID,2022-10-15 16:02:11
389,Sao Filipe,14.8961,-24.4956,77.74,76,22,7.9,CV,2022-10-15 16:02:12
390,Copiapo,-27.3667,-70.3333,72.48,39,6,6.02,CL,2022-10-15 16:00:35
391,College,64.8569,-147.8028,28.9,64,100,4.0,US,2022-10-15 16:00:09
392,Norman Wells,65.282,-126.8329,11.7,93,28,2.37,CA,2022-10-15 16:02:13
393,Lazurne,46.084,32.5295,55.11,53,84,15.7,UA,2022-10-15 16:02:13
394,Nova Petropolis,-29.3764,-51.1144,67.51,78,100,4.34,BR,2022-10-15 15:58:08
395,Hami,42.8,93.45,54.81,28,0,3.49,CN,2022-10-15 16:02:13
396,Arraial Do Cabo,-22.9661,-42.0278,80.46,47,0,23.02,BR,2022-10-15 16:02:14
397,Rochegda,62.8,43.25,43.48,97,100,3.94,RU,2022-10-15 16:02:15
398,Angarsk,52.5367,103.8864,29.12,79,21,3.69,RU,2022-10-15 16:02:15
399,Olga,43.7444,135.2892,50.22,75,52,3.8,RU,2022-10-15 16:02:16
400,Altamira,-3.2033,-52.2064,94.77,42,25,5.03,BR,2022-10-15 16:02:16
401,Olmos,-5.9847,-79.7453,80.82,42,36,6.06,PE,2022-10-15 16:02:17
402,Liberty,31.8335,-81.5004,79.05,43,0,1.01,US,2022-10-15 16:02:18
403,Srivardhan,18.0333,73.0167,79.99,81,46,5.26,IN,2022-10-15 16:02:18
404,Valdivia,-39.8142,-73.2459,66.34,39,67,4.14,CL,2022-10-15 16:02:19
405,Cassilandia,-19.1133,-51.7342,94.66,22,57,8.32,BR,2022-10-15 16:02:20
406,Zeya,53.75,127.2667,33.48,91,60,4.52,RU,2022-10-15 16:02:21
407,Ukiah,39.1502,-123.2078,64.44,87,100,0.0,US,2022-10-15 16:03:21
408,Mabaruma,8.2,-59.7833,90.68,52,83,4.21,GY,2022-10-15 16:03:22
409,Surazh,53.0175,32.3918,42.69,70,71,7.63,RU,2022-10-15 16:03:22
410,Northam,51.0333,-4.2167,58.39,84,83,23.58,GB,2022-10-15 16:03:23
411,La Primavera,5.4906,-70.4092,87.76,61,33,8.59,CO,2022-10-15 16:03:24
412,Deputatskiy,69.3,139.9,2.62,93,82,5.23,RU,2022-10-15 16:03:24
413,Mishkino,55.3389,63.9175,47.77,72,100,3.65,RU,2022-10-15 16:03:25
414,Urumqi,43.801,87.6005,50.95,30,0,4.47,CN,2022-10-15 16:02:02
415,Krasnorechenskiy,44.6265,135.3532,44.64,79,22,1.83,RU,2022-10-15 16:03:26
416,Vilyuysk,63.7553,121.6247,21.61,96,98,5.17,RU,2022-10-15 16:03:27
417,Jabinyanah,35.035,10.9081,75.92,54,3,8.81,TN,2022-10-15 16:03:27
418,Shu,43.5983,73.7614,62.74,20,64,3.6,KZ,2022-10-15 16:03:28
419,Balikpapan,-1.2675,116.8289,81.59,89,40,3.44,ID,2022-10-15 16:03:28
420,Coahuayana,18.7333,-103.6833,84.94,74,61,1.01,MX,2022-10-15 16:03:29
421,Acapulco,16.8634,-99.8901,85.82,70,20,4.61,MX,2022-10-15 16:03:30
422,Lusaka,-15.4067,28.2871,82.71,14,3,9.17,ZM,2022-10-15 16:03:30
423,Porgera,-5.4667,143.2,40.15,98,57,1.48,PG,2022-10-15 16:03:30
424,Qasigiannguit,68.8193,-51.1922,28.65,74,18,5.64,GL,2022-10-15 16:03:31
425,San Felipe,10.3399,-68.7425,84.02,72,39,1.07,VE,2022-10-15 16:03:31
426,Grand-Lahou,5.1367,-5.0242,79.38,79,100,8.79,CI,2022-10-15 16:03:31
427,Jiazi,22.8779,116.067,76.23,73,100,6.24,CN,2022-10-15 16:03:32
428,Zaysan,47.4667,84.8667,53.1,25,98,3.27,KZ,2022-10-15 16:01:18
429,Kenai,60.5544,-151.2583,39.09,68,100,16.11,US,2022-10-15 16:03:32
430,Port Macquarie,-31.4333,152.9167,55.89,86,22,3.94,AU,2022-10-15 16:03:33
431,Rafraf,37.1904,10.1837,75.51,70,1,10.02,TN,2022-10-15 16:03:33
432,Tortoli,39.9256,9.6572,73.8,67,30,6.69,IT,2022-10-15 16:03:34
433,Sioux Lookout,50.1001,-91.917,34.88,98,100,5.53,CA,2022-10-15 16:03:34
434,Kawalu,-7.3817,108.2082,72.75,96,99,0.34,ID,2022-10-15 16:03:34
435,Dwarka,22.2394,68.9678,83.91,57,100,14.63,IN,2022-10-15 16:03:35
436,Pilar,-9.5972,-35.9567,75.13,56,63,13.02,BR,2022-10-15 16:03:35
437,Port Hedland,-20.3167,118.5667,69.85,60,5,8.05,AU,2022-10-15 16:03:35
438,Sakakah,29.9697,40.2064,84.54,15,14,3.31,SA,2022-10-15 16:03:36
439,Bandar,2.05,99.75,73.92,99,100,0.31,ID,2022-10-15 16:03:36
440,Aklavik,68.2191,-135.0107,20.97,68,0,8.81,CA,2022-10-15 16:03:36
441,Akyab,20.15,92.9,82.11,81,77,5.82,MM,2022-10-15 16:03:37
442,Kalmunai,7.4167,81.8167,80.33,78,100,6.46,LK,2022-10-15 16:03:37
443,Khorramshahr,30.4397,48.1664,87.62,30,1,9.89,IR,2022-10-15 16:03:37
444,Ampanihy,-24.7,44.75,75.2,64,71,8.93,MG,2022-10-15 16:03:38
445,Kandrian,-6.2167,149.55,78.21,84,99,3.36,PG,2022-10-15 16:03:38
446,Ketchikan,55.3422,-131.6461,55.87,100,100,5.75,US,2022-10-15 16:03:39
447,Kangaatsiaq,68.3065,-53.4641,26.8,59,43,14.92,GL,2022-10-15 16:03:39
448,Boende,-0.2167,20.8667,78.89,74,97,3.38,CD,2022-10-15 16:03:40
449,Saint-Pierre,-21.3393,55.4781,74.57,73,75,2.3,RE,2022-10-15 16:03:40
450,Victor Harbor,-35.5667,138.6167,50.68,91,27,3.13,AU,2022-10-15 16:03:41
451,Araouane,18.9048,-3.5265,100.45,9,85,1.83,ML,2022-10-15 16:03:41
452,Faya,18.3851,42.4509,64.92,53,0,5.91,SA,2022-10-15 16:03:41
453,Selfoss,63.9331,-20.9971,41.04,71,29,13.65,IS,2022-10-15 16:03:42
454,Derzhavinsk,51.1,66.3167,52.38,45,48,3.8,KZ,2022-10-15 16:04:42
455,Chuari Khas,32.4333,76.0167,62.64,73,1,5.59,IN,2022-10-15 16:04:43
456,Ostrovnoy,68.0531,39.5131,41.81,90,9,7.36,RU,2022-10-15 16:04:43
457,Kharan,28.5833,65.4167,75.87,7,0,3.29,PK,2022-10-15 16:01:24
458,Deer Lake,49.1667,-57.4316,62.06,56,100,2.93,CA,2022-10-15 16:04:44
459,Panaba,21.2833,-88.2667,88.63,57,11,8.3,MX,2022-10-15 16:04:45
460,Rudnogorsk,57.2639,103.7519,25.99,91,79,2.35,RU,2022-10-15 16:04:45
461,Korem,12.5058,39.5228,58.39,55,60,6.58,ET,2022-10-15 16:04:45
462,High Level,58.5169,-117.136,31.53,54,100,8.25,CA,2022-10-15 16:00:17
463,Wajir,1.7471,40.0573,85.3,44,100,8.77,KE,2022-10-15 16:04:46
464,Sembakung,3.8167,117.25,76.08,97,92,0.69,ID,2022-10-15 16:04:46
465,Nexo,55.0607,15.1306,57.29,93,58,10.11,DK,2022-10-15 16:01:16
466,Saint-Joseph,-21.3667,55.6167,73.47,77,43,9.44,RE,2022-10-15 16:04:47
467,Skoghall,59.3232,13.4655,50.56,71,36,5.75,SE,2022-10-15 16:04:47
468,Solnechnyy,50.7214,136.6319,43.9,94,100,4.76,RU,2022-10-15 16:00:54
469,Marabba,12.35,32.1833,86.56,47,92,10.33,SD,2022-10-15 16:02:15
470,San Cristobal,7.7669,-72.225,82.58,52,97,6.04,VE,2022-10-15 16:04:48
471,Bagdarin,54.4333,113.6,25.3,67,98,6.96,RU,2022-10-15 16:04:48
472,Nuuk,64.1835,-51.7216,34.41,55,0,17.27,GL,2022-10-15 16:04:49
473,Bubaque,11.2833,-15.8333,81.9,76,91,7.9,GW,2022-10-15 16:04:49
474,Pochutla,15.7432,-96.4661,87.62,71,28,2.77,MX,2022-10-15 16:04:49
475,Yangambi,0.8102,24.4336,79.2,75,56,2.77,CD,2022-10-15 16:04:50
476,Oudtshoorn,-33.5907,22.2014,66.06,73,91,7.92,ZA,2022-10-15 16:04:50
477,Valparaiso,-33.0393,-71.6273,58.64,97,100,17.27,CL,2022-10-15 16:04:50
478,Karaton,-6.3424,106.1045,74.59,93,98,2.06,ID,2022-10-15 16:04:51
479,Taltal,-25.4,-70.4833,63.82,66,13,6.64,CL,2022-10-15 16:00:53
480,Poum,-20.2333,164.0167,73.65,72,28,9.73,NC,2022-10-15 16:04:51
481,Moen,69.1304,18.6123,36.32,93,75,3.44,NO,2022-10-15 16:04:52
482,Dongying,37.4564,118.4856,64.13,53,100,3.83,CN,2022-10-15 16:03:17
483,Te Anau,-45.4167,167.7167,48.43,96,100,2.42,NZ,2022-10-15 16:04:52
484,Simao,22.7886,100.9748,66.79,79,88,2.04,CN,2022-10-15 16:04:53
485,Mezen,65.8522,44.24,44.46,91,100,6.46,RU,2022-10-15 16:04:53
486,Hobyo,5.3505,48.5268,78.98,80,9,16.58,SO,2022-10-15 16:04:53
487,Batticaloa,7.7102,81.6924,80.76,77,100,2.91,LK,2022-10-15 16:04:54
488,Tomelloso,39.1522,-3.0243,80.51,20,4,20.69,ES,2022-10-15 16:04:54
489,Zyryanka,65.75,150.85,3.07,99,99,4.9,RU,2022-10-15 16:04:55
490,Svetlaya,46.5389,138.3297,49.6,82,0,3.47,RU,2022-10-15 16:04:55
491,Vestmannaeyjar,63.4427,-20.2734,45.59,57,0,20.71,IS,2022-10-15 16:04:56
492,Tiznit,29.5833,-9.5,82.17,26,81,8.03,MA,2022-10-15 16:04:56
493,Erice,38.037,12.5865,64.87,73,13,4.38,IT,2022-10-15 16:04:56
494,Kendari,-3.945,122.4989,75.61,93,100,2.77,ID,2022-10-15 16:04:57
495,Vila Real,41.3006,-7.7441,65.35,51,98,8.3,PT,2022-10-15 16:04:10
496,Sur,22.5667,59.5289,81.48,41,1,5.01,OM,2022-10-15 16:03:09
497,Champa,22.05,82.65,74.14,89,11,3.98,IN,2022-10-15 16:00:37
498,Kieta,-6.2167,155.6333,79.23,83,99,3.67,PG,2022-10-15 16:04:57
499,Ostrov,57.3439,28.3537,53.33,74,79,10.11,RU,2022-10-15 16:03:11
500,Pangoa,-12.1167,-73.0,82.65,49,100,4.21,PE,2022-10-15 16:04:58
501,Parauna,-16.9478,-50.4486,94.71,17,18,5.95,BR,2022-10-15 16:04:58
502,Bilibino,68.0546,166.4372,-8.68,100,98,2.33,RU,2022-10-15 16:05:59
503,Lebedinyy,58.5167,125.5167,19.47,98,100,5.48,RU,2022-10-15 16:05:59
504,Nolinsk,57.5596,49.9363,38.05,87,62,5.19,RU,2022-10-15 16:06:00
505,Sprancenata,44.0833,24.6333,58.51,45,3,7.05,RO,2022-10-15 16:06:00
506,Boa Vista,2.8197,-60.6733,85.98,62,75,9.22,BR,2022-10-15 16:06:00
507,Cascais,38.6979,-9.4215,75.61,72,20,8.05,PT,2022-10-15 16:01:23
508,Moyale,3.5167,39.0584,70.47,65,73,5.03,KE,2022-10-15 16:06:01
509,Anadyr,64.75,177.4833,24.01,92,76,5.99,RU,2022-10-15 16:06:01
510,Noumea,-22.2763,166.4572,58.98,73,2,5.86,NC,2022-10-15 16:06:02
511,Kyzyl-Suu,42.3414,78.0056,50.52,40,58,4.76,KG,2022-10-15 16:06:02
512,Santiago,-33.4569,-70.6483,84.29,22,0,6.91,CL,2022-10-15 16:05:00
513,Tupiza,-21.45,-65.7167,71.35,17,62,11.54,BO,2022-10-15 16:06:03
514,Quatre Cocos,-20.2078,57.7625,71.71,71,47,12.48,MU,2022-10-15 16:06:03
515,Byron Bay,-28.65,153.6167,61.95,77,60,1.99,AU,2022-10-15 16:06:04
516,Camacha,33.0833,-16.3333,71.02,68,20,11.5,PT,2022-10-15 16:03:38
517,Nanortalik,60.1432,-45.2371,39.74,80,0,4.61,GL,2022-10-15 16:05:05
518,Cedar Rapids,42.0083,-91.6441,48.43,59,0,9.22,US,2022-10-15 16:04:25
519,Marsh Harbour,26.5412,-77.0636,81.43,72,60,14.67,BS,2022-10-15 16:05:40
520,Luanda,-8.8368,13.2343,77.61,76,75,11.21,AO,2022-10-15 16:06:05
521,Steinbach,50.1667,8.5667,63.79,77,75,11.5,DE,2022-10-15 16:06:05
522,Namibe,-15.1961,12.1522,69.71,80,81,10.47,AO,2022-10-15 16:06:06
523,La Orilla,17.9833,-102.2333,82.69,78,11,1.16,MX,2022-10-15 16:06:06
524,Kidal,18.4411,1.4078,97.25,6,1,7.38,ML,2022-10-15 16:06:06
525,Sembe,1.6481,14.5806,67.19,99,100,4.25,CG,2022-10-15 16:06:07
526,Kloulklubed,7.0419,134.2556,79.3,78,100,13.53,PW,2022-10-15 16:06:08
527,Ramanuj Ganj,23.8,83.7,72.63,74,71,2.64,IN,2022-10-15 16:06:08
528,Cockburn Town,21.4612,-71.1419,84.16,70,40,11.5,TC,2022-10-15 16:06:09
529,Goundi,9.3627,17.366,83.82,69,91,2.64,TD,2022-10-15 16:06:09
530,Shieli,44.1667,66.75,58.55,42,78,8.81,KZ,2022-10-15 16:06:10
531,Tahta,26.7693,31.5021,85.93,25,5,7.25,EG,2022-10-15 16:06:11
532,Eureka,40.8021,-124.1637,52.41,65,3,0.49,US,2022-10-15 16:06:11
533,Pangnirtung,66.1451,-65.7125,41.0,79,100,3.89,CA,2022-10-15 16:06:12
534,Olafsvik,64.8945,-23.7142,38.64,72,62,33.64,IS,2022-10-15 16:06:12
535,Lagunas,-5.2269,-75.6753,75.63,92,100,4.23,PE,2022-10-15 16:06:13
536,Altay,47.8667,88.1167,45.97,35,25,6.33,CN,2022-10-15 16:06:13
537,Vytegra,61.0064,36.4481,47.21,86,95,5.75,RU,2022-10-15 16:06:14
538,Manado,1.487,124.8455,75.97,100,20,1.14,ID,2022-10-15 16:06:14
539,Kundiawa,-6.0167,144.9667,58.6,95,45,3.67,PG,2022-10-15 16:06:15
540,Lower Hutt,-41.2167,174.9167,48.11,87,100,6.91,NZ,2022-10-15 16:06:15
541,Rincon,32.296,-81.2354,78.76,36,0,3.44,US,2022-10-15 16:06:16
542,Batemans Bay,-35.7167,150.1833,59.09,94,96,5.14,AU,2022-10-15 16:06:16
543,Sao Joao Da Barra,-21.6403,-41.0511,84.29,65,40,11.05,BR,2022-10-15 16:06:17
544,Palaikastron,35.2,26.25,65.43,92,100,28.57,GR,2022-10-15 16:06:17
545,Takoradi,4.8845,-1.7554,81.48,73,80,13.71,GH,2022-10-15 16:06:17
546,Tiarei,-17.5333,-149.3333,73.42,82,15,13.89,PF,2022-10-15 16:06:18
547,Pithapuram,17.1167,82.2667,80.92,93,24,5.17,IN,2022-10-15 16:06:18
548,Zhigansk,66.7697,123.3711,18.28,94,99,9.82,RU,2022-10-15 16:06:19
549,Praia,14.9215,-23.5087,78.42,72,37,12.82,CV,2022-10-15 16:07:19
550,Swellendam,-34.0226,20.4417,61.21,85,100,17.92,ZA,2022-10-15 16:07:20
551,Leticia,-4.2153,-69.9406,86.05,70,75,9.22,CO,2022-10-15 16:07:21
552,Hornepayne,49.2138,-84.7705,37.6,97,100,4.41,CA,2022-10-15 16:07:21
553,Matay,28.419,30.7792,86.02,25,0,5.55,EG,2022-10-15 16:07:22
554,Peterhead,57.5058,-1.7981,50.45,67,52,12.21,GB,2022-10-15 16:07:22
555,Nemuro,43.3236,145.575,56.44,87,20,3.58,JP,2022-10-15 16:07:23
556,Gamboma,-1.8764,15.8644,71.56,93,100,6.13,CG,2022-10-15 16:07:23
557,Oranienburg,52.75,13.2333,64.06,85,89,5.03,DE,2022-10-15 16:07:24
558,Uyskoye,54.3775,60.0047,43.2,77,100,2.01,RU,2022-10-15 16:07:25
559,Birjand,32.8663,59.2211,67.48,17,0,4.68,IR,2022-10-15 16:07:25
560,Ranong,9.9658,98.6348,77.36,87,100,4.47,TH,2022-10-15 16:07:26
